{"cameraMode":{"drawMode":0,"name":"Shaded","section":"Shading Mode"},"sceneLighting":false,"audioPlay":false,"sceneViewState":{"m_AlwaysRefresh":false,"showFog":true,"showSkybox":false,"showFlares":true,"showImageEffects":true,"showParticleSystems":true,"showVisualEffectGraphs":true,"m_FxEnabled":true},"in2DMode":false,"pivot":{"x":-0.2933046817779541,"y":0.7340240478515625,"z":0.1351047158241272},"rotation":{"x":0.23861630260944367,"y":0.6721611022949219,"z":-0.2436545044183731,"w":0.6580035090446472},"size":0.16388750076293946,"orthographic":false}