{"cameraMode":{"drawMode":0,"name":"Shaded","section":"Shading Mode"},"sceneLighting":false,"audioPlay":false,"sceneViewState":{"m_AlwaysRefresh":false,"showFog":true,"showSkybox":false,"showFlares":true,"showImageEffects":true,"showParticleSystems":true,"showVisualEffectGraphs":true,"m_FxEnabled":true},"in2DMode":false,"pivot":{"x":-0.7668274641036987,"y":0.4303721487522125,"z":0.3872503340244293},"rotation":{"x":0.10671436786651612,"y":0.7944939136505127,"z":-0.14859499037265778,"w":0.5804847478866577},"size":0.000017320508050033823,"orthographic":false}