{"cameraMode":{"drawMode":0,"name":"Shaded","section":"Shading Mode"},"sceneLighting":false,"audioPlay":false,"sceneViewState":{"m_AlwaysRefresh":false,"showFog":true,"showSkybox":false,"showFlares":true,"showImageEffects":true,"showParticleSystems":true,"showVisualEffectGraphs":true,"m_FxEnabled":true},"in2DMode":false,"pivot":{"x":0.00838404893875122,"y":-0.026784896850585939,"z":-0.006297588348388672},"rotation":{"x":0.10671436786651612,"y":0.7944939136505127,"z":-0.14859499037265778,"w":0.5804847478866577},"size":0.9380328059196472,"orthographic":false}